id,2000,2001,2002,2003,2004,2005,2006,2007,2008,2009,2010,2011,2012,2013,2014,2015,2016,2017,2018,2019,2020,2021,2022,2023,2024,2025,2026,2027,2028,2029,2030,2031,2032,2033,2034,2035,2036,2037,2038,2039,2040,2041,2042,2043,2044,2045,2046,2047,2048,2049,2050
Hokkaido,5683000,5671523.182,5660069.54,5648639.03,5637231.603,5625847.214,5614485.816,5603147.362,5591831.806,5580539.101,5569269.203,5558022.063,5546797.638,5535595.88,5524416.744,5513260.185,5502126.156,5491014.612,5479925.508,5468858.798,5457814.438,5446792.382,5435792.584,5424815.001,5413859.587,5402926.298,5392015.088,5381125.914,5370258.73,5359413.493,5348590.157,5337788.679,5327009.015,5316251.12,5305514.951,5294800.464,5284107.614,5273436.359,5262786.654,5252158.456,5241551.722,5230966.409,5220402.472,5209859.869,5199338.557,5188838.493,5178359.634,5167901.936,5157465.358,5147049.857,5136655.39
Aomori,1476000,1469505.6,1463039.775,1456602.4,1450193.35,1443812.499,1437459.724,1431134.901,1424837.908,1418568.621,1412326.919,1406112.681,1399925.785,1393766.111,1387633.54,1381527.953,1375449.23,1369397.253,1363371.905,1357373.069,1351400.627,1345454.465,1339534.465,1333640.513,1327772.495,1321930.296,1316113.803,1310322.902,1304557.481,1298817.428,1293102.632,1287412.98,1281748.363,1276108.67,1270493.792,1264903.619,1259338.043,1253796.956,1248280.249,1242787.816,1237319.55,1231875.344,1226455.092,1221058.69,1215686.032,1210337.013,1205011.53,1199709.48,1194430.758,1189175.263,1183942.891
Iwate,1416000,1410336,1404694.656,1399075.877,1393479.574,1387905.656,1382354.033,1376824.617,1371317.318,1365832.049,1360368.721,1354927.246,1349507.537,1344109.507,1338733.069,1333378.137,1328044.624,1322732.446,1317441.516,1312171.75,1306923.063,1301695.37,1296488.589,1291302.635,1286137.424,1280992.874,1275868.903,1270765.427,1265682.366,1260619.636,1255577.158,1250554.849,1245552.63,1240570.419,1235608.137,1230665.705,1225743.042,1220840.07,1215956.709,1211092.883,1206248.511,1201423.517,1196617.823,1191831.352,1187064.026,1182315.77,1177586.507,1172876.161,1168184.656,1163511.918,1158857.87
Miyagi,2365000,2363817.5,2362635.591,2361454.273,2360273.546,2359093.41,2357913.863,2356734.906,2355556.538,2354378.76,2353201.571,2352024.97,2350848.958,2349673.533,2348498.696,2347324.447,2346150.785,2344977.709,2343805.22,2342633.318,2341462.001,2340291.27,2339121.125,2337951.564,2336782.588,2335614.197,2334446.39,2333279.167,2332112.527,2330946.471,2329780.998,2328616.107,2327451.799,2326288.073,2325124.929,2323962.367,2322800.385,2321638.985,2320478.166,2319317.927,2318158.268,2316999.189,2315840.689,2314682.769,2313525.427,2312368.665,2311212.48,2310056.874,2308901.846,2307747.395,2306593.521
Akita,1189000,1182817.2,1176666.551,1170547.884,1164461.035,1158405.838,1152382.128,1146389.741,1140428.514,1134498.286,1128598.895,1122730.18,1116891.983,1111084.145,1105306.508,1099558.914,1093841.207,1088153.233,1082494.836,1076865.863,1071266.161,1065695.577,1060153.96,1054641.159,1049157.025,1043701.409,1038274.161,1032875.136,1027504.185,1022161.163,1016845.925,1011558.326,1006298.223,1001065.472,995859.9317,990681.4601,985529.9165,980405.1609,975307.0541,970235.4574,965190.233,960171.2438,955178.3533,950211.4259,945270.3265,940354.9208,935465.0752,930600.6568,925761.5334,920947.5734,916158.646
Yamagata,1244000,1239148.4,1234315.721,1229501.89,1224706.833,1219930.476,1215172.747,1210433.573,1205712.882,1201010.602,1196326.661,1191660.987,1187013.509,1182384.156,1177772.858,1173179.544,1168604.144,1164046.588,1159506.806,1154984.729,1150480.289,1145993.416,1141524.041,1137072.098,1132637.516,1128220.23,1123820.171,1119437.273,1115071.467,1110722.689,1106390.87,1102075.946,1097777.849,1093496.516,1089231.879,1084983.875,1080752.438,1076537.503,1072339.007,1068156.885,1063991.073,1059841.508,1055708.126,1051590.864,1047489.66,1043404.45,1039335.173,1035281.766,1031244.167,1027222.315,1023216.148
Fukushima,2127000,2120619,2114257.143,2107914.372,2101590.628,2095285.857,2088999.999,2082732.999,2076484.8,2070255.346,2064044.58,2057852.446,2051678.888,2045523.852,2039387.28,2033269.118,2027169.311,2021087.803,2015024.54,2008979.466,2002952.528,1996943.67,1990952.839,1984979.981,1979025.041,1973087.966,1967168.702,1961267.196,1955383.394,1949517.244,1943668.692,1937837.686,1932024.173,1926228.1,1920449.416,1914688.068,1908944.004,1903217.172,1897507.52,1891814.998,1886139.553,1880481.134,1874839.69,1869215.171,1863607.526,1858016.703,1852442.653,1846885.325,1841344.669,1835820.635,1830313.173
Ibaraki,2986000,2985402.8,2984805.719,2984208.758,2983611.917,2983015.194,2982418.591,2981822.107,2981225.743,2980629.498,2980033.372,2979437.365,2978841.478,2978245.709,2977650.06,2977054.53,2976459.119,2975863.828,2975268.655,2974673.601,2974078.666,2973483.851,2972889.154,2972294.576,2971700.117,2971105.777,2970511.556,2969917.454,2969323.47,2968729.605,2968135.86,2967542.232,2966948.724,2966355.334,2965762.063,2965168.911,2964575.877,2963982.962,2963390.165,2962797.487,2962204.928,2961612.487,2961020.164,2960427.96,2959835.875,2959243.907,2958652.059,2958060.328,2957468.716,2956877.222,2956285.847
Tochigi,2005000,2004198,2003396.321,2002594.962,2001793.924,2000993.207,2000192.809,1999392.732,1998592.975,1997793.538,1996994.421,1996195.623,1995397.145,1994598.986,1993801.146,1993003.626,1992206.424,1991409.542,1990612.978,1989816.733,1989020.806,1988225.198,1987429.908,1986634.936,1985840.282,1985045.946,1984251.927,1983458.226,1982664.843,1981871.777,1981079.028,1980286.597,1979494.482,1978702.684,1977911.203,1977120.039,1976329.191,1975538.659,1974748.444,1973958.544,1973168.961,1972379.693,1971590.741,1970802.105,1970013.784,1969225.779,1968438.088,1967650.713,1966863.653,1966076.907,1965290.477
Gumma,2025000,2023380,2021761.296,2020143.887,2018527.772,2016912.95,2015299.419,2013687.18,2012076.23,2010466.569,2008858.196,2007251.109,2005645.308,2004040.792,2002437.559,2000835.609,1999234.941,1997635.553,1996037.445,1994440.615,1992845.062,1991250.786,1989657.785,1988066.059,1986475.606,1984886.426,1983298.517,1981711.878,1980126.508,1978542.407,1976959.573,1975378.006,1973797.703,1972218.665,1970640.89,1969064.377,1967489.126,1965915.135,1964342.402,1962770.929,1961200.712,1959631.751,1958064.046,1956497.595,1954932.397,1953368.451,1951805.756,1950244.311,1948684.116,1947125.168,1945567.468
Saitama,6938000,6951876,6965779.752,6979711.312,6993670.734,7007658.076,7021673.392,7035716.739,7049788.172,7063887.748,7078015.524,7092171.555,7106355.898,7120568.61,7134809.747,7149079.367,7163377.525,7177704.28,7192059.689,7206443.808,7220856.696,7235298.409,7249769.006,7264268.544,7278797.081,7293354.675,7307941.385,7322557.267,7337202.382,7351876.787,7366580.54,7381313.701,7396076.329,7410868.481,7425690.218,7440541.599,7455422.682,7470333.527,7485274.194,7500244.743,7515245.232,7530275.723,7545336.274,7560426.947,7575547.801,7590698.896,7605880.294,7621092.055,7636334.239,7651606.907,7666910.121
Chiba,5926000,5943185.4,5960420.638,5977705.858,5995041.204,6012426.824,6029862.862,6047349.464,6064886.778,6082474.949,6100114.127,6117804.457,6135546.09,6153339.174,6171183.858,6189080.291,6207028.624,6225029.007,6243081.591,6261186.527,6279343.968,6297554.066,6315816.973,6334132.842,6352501.827,6370924.082,6389399.762,6407929.022,6426512.016,6445148.901,6463839.832,6482584.968,6501384.464,6520238.479,6539147.171,6558110.698,6577129.219,6596202.893,6615331.882,6634516.344,6653756.442,6673052.335,6692404.187,6711812.159,6731276.415,6750797.116,6770374.428,6790008.514,6809699.538,6829447.667,6849253.065
Tokyo,12064000,12119494.4,12175244.07,12231250.2,12793887.71,12852739.59,12911862.19,12971256.76,13030924.54,13090866.79,13151084.78,13211579.77,13272353.04,13333405.86,13394739.53,13456355.33,13518254.56,13580438.53,13642908.55,13705665.93,13768711.99,13832048.07,13895675.49,13959595.6,14023809.74,14088319.26,14153125.53,14218229.91,14283633.77,14349338.48,14415345.44,14481656.03,14548271.64,14615193.69,14682423.59,14749962.73,14817812.56,14885974.5,14954449.98,15023240.45,15092347.36,15161772.16,15231516.31,15301581.28,15371968.56,15442679.61,15513715.94,15585079.03,15656770.4,15728791.54,15801143.98
Kanagawa,8490000,8514621,8539313.401,8564077.41,8812435.655,8837991.718,8863621.894,8889326.398,8915105.444,8940959.25,8966888.032,8992892.007,9018971.394,9045126.411,9071357.277,9097664.214,9124047.44,9150507.177,9177043.648,9203657.075,9230347.68,9257115.689,9283961.324,9310884.812,9337886.378,9364966.248,9392124.65,9419361.812,9446677.961,9474073.327,9501548.14,9529102.63,9556737.027,9584451.565,9612246.474,9640121.989,9668078.343,9696115.77,9724234.506,9752434.786,9780716.846,9809080.925,9837527.26,9866056.089,9894667.652,9923362.188,9952139.938,9981001.144,10009946.05,10038974.89,10068087.92
Niigata,2476000,2470305.2,2464623.498,2458954.864,2402398.902,2396873.385,2391360.576,2385860.447,2380372.968,2374898.11,2369435.844,2363986.142,2358548.973,2353124.311,2347712.125,2342312.387,2336925.069,2331550.141,2326187.576,2320837.344,2315499.418,2310173.77,2304860.37,2299559.191,2294270.205,2288993.383,2283728.699,2278476.123,2273235.628,2268007.186,2262790.769,2257586.35,2252393.902,2247213.396,2242044.805,2236888.102,2231743.259,2226610.25,2221489.046,2216379.621,2211281.948,2206196,2201121.749,2196059.169,2191008.233,2185968.914,2180941.185,2175925.021,2170920.393,2165927.276,2160945.644
Toyama,1121000,1119094.3,1117191.84,1115292.614,1113396.616,1111503.842,1109614.285,1107727.941,1105844.804,1103964.867,1102088.127,1100214.577,1098344.213,1096477.027,1094613.016,1092752.174,1090894.496,1089039.975,1087188.607,1085340.386,1083495.308,1081653.366,1079814.555,1077978.87,1076146.306,1074316.857,1072490.519,1070667.285,1068847.15,1067030.11,1065216.159,1063405.292,1061597.503,1059792.787,1057991.139,1056192.554,1054397.027,1052604.552,1050815.124,1049028.739,1047245.39,1045465.072,1043687.782,1041913.513,1040142.26,1038374.018,1036608.782,1034846.547,1033087.308,1031331.06,1029577.797
Ishikawa,1181000,1180527.6,1180055.389,1179583.367,1179111.533,1178639.889,1178168.433,1177697.166,1177226.087,1176755.196,1176284.494,1175813.98,1175343.655,1174873.517,1174403.568,1173933.806,1173464.233,1172994.847,1172525.649,1172056.639,1171587.816,1171119.181,1170650.734,1170182.473,1169714.4,1169246.515,1168778.816,1168311.304,1167843.98,1167376.842,1166909.892,1166443.128,1165976.55,1165510.16,1165043.956,1164577.938,1164112.107,1163646.462,1163181.003,1162715.731,1162250.645,1161785.745,1161321.03,1160856.502,1160392.159,1159928.002,1159464.031,1159000.246,1158536.645,1158073.231,1157610.001
Fukui,829000,827424.9,825852.7927,824283.6724,822717.5334,821154.3701,819594.1768,818036.9479,816482.6777,814931.3606,813382.991,811837.5633,810295.0719,808755.5113,807218.8758,805685.16,804154.3582,802626.4649,801101.4746,799579.3818,798060.181,796543.8666,795030.4333,793519.8754,792012.1877,790507.3645,789005.4005,787506.2903,786010.0283,784516.6093,783026.0277,781538.2783,780053.3555,778571.2542,777091.9688,775615.494,774141.8246,772670.9551,771202.8803,769737.5948,768275.0934,766815.3707,765358.4215,763904.2405,762452.8225,761004.1621,759558.2542,758115.0935,756674.6748,755236.993,753802.0427
Yamanashi,888000,885868.8,883742.7149,881621.7324,879505.8402,877395.0262,875289.2781,873188.5839,871092.9313,869002.3082,866916.7027,864836.1026,862760.496,860689.8708,858624.2151,856563.517,854507.7645,852456.9459,850411.0492,848370.0627,846333.9745,844302.773,842276.4463,840254.9829,838238.3709,836226.5988,834219.655,832217.5278,830220.2058,828227.6773,826239.9308,824256.955,822278.7383,820305.2693,818336.5367,816372.529,814413.2349,812458.6432,810508.7424,808563.5214,806622.969,804687.0739,802755.8249,800829.2109,798907.2208,796989.8435,795077.0678,793168.8829,791265.2776,789366.2409,787471.7619
Nagano,2215000,2210570,2206148.86,2201736.562,2197333.089,2192938.423,2188552.546,2184175.441,2179807.09,2175447.476,2171096.581,2166754.388,2162420.879,2158096.037,2153779.845,2149472.286,2145173.341,2140882.994,2136601.228,2132328.026,2128063.37,2123807.243,2119559.629,2115320.509,2111089.868,2106867.689,2102653.953,2098448.645,2094251.748,2090063.245,2085883.118,2081711.352,2077547.929,2073392.833,2069246.048,2065107.555,2060977.34,2056855.386,2052741.675,2048636.192,2044538.919,2040449.841,2036368.942,2032296.204,2028231.611,2024175.148,2020126.798,2016086.544,2012054.371,2008030.262,2004014.202
Gifu,2108000,2105259.6,2102522.763,2099789.483,2097059.757,2094333.579,2091610.945,2088891.851,2086176.292,2083464.262,2080755.759,2078050.776,2075349.31,2072651.356,2069956.91,2067265.966,2064578.52,2061894.568,2059214.105,2056537.126,2053863.628,2051193.605,2048527.054,2045863.969,2043204.345,2040548.18,2037895.467,2035246.203,2032600.383,2029958.003,2027319.057,2024683.542,2022051.454,2019422.787,2016797.537,2014175.7,2011557.272,2008942.248,2006330.623,2003722.393,2001117.554,1998516.101,1995918.03,1993323.337,1990732.016,1988144.065,1985559.477,1982978.25,1980400.378,1977825.858,1975254.684
Shizuoka,3767000,3764363.1,3761728.046,3759094.836,3756463.47,3753833.945,3751206.262,3748580.417,3745956.411,3743334.241,3740713.907,3738095.408,3735478.741,3732863.906,3730250.901,3727639.725,3725030.378,3722422.856,3719817.16,3717213.288,3714611.239,3712011.011,3709412.604,3706816.015,3704221.243,3701628.289,3699037.149,3696447.823,3693860.309,3691274.607,3688690.715,3686108.631,3683528.355,3680949.886,3678373.221,3675798.359,3673225.3,3670654.043,3668084.585,3665516.926,3662951.064,3660386.998,3657824.727,3655264.25,3652705.565,3650148.671,3647593.567,3645040.251,3642488.723,3639938.981,3637391.024
Aichi,7043000,7058494.6,7074023.288,7089586.139,7105183.229,7120814.632,7136480.424,7152180.681,7167915.479,7183684.893,7199488.999,7215327.875,7231201.597,7247110.24,7263053.883,7279032.601,7295046.473,7311095.575,7327179.985,7343299.781,7359455.041,7375645.842,7391872.263,7408134.382,7424432.277,7440766.028,7457135.714,7473541.412,7489983.203,7506461.166,7522975.381,7539525.927,7556112.884,7572736.332,7589396.352,7606093.024,7622826.429,7639596.647,7656403.759,7673247.848,7690128.993,7707047.277,7724002.781,7740995.587,7758025.777,7775093.434,7792198.639,7809341.477,7826522.028,7843740.376,7860996.605
Mie,1857000,1855700.1,1854401.11,1853103.029,1851805.857,1850509.593,1849214.236,1847919.786,1846626.242,1845333.604,1844041.871,1842751.041,1841461.115,1840172.093,1838883.972,1837596.753,1836310.436,1835025.018,1833740.501,1832456.883,1831174.163,1829892.341,1828611.416,1827331.388,1826052.256,1824774.02,1823496.678,1822220.23,1820944.676,1819670.015,1818396.246,1817123.368,1815851.382,1814580.286,1813310.08,1812040.763,1810772.334,1809504.794,1808238.14,1806972.374,1805707.493,1804443.498,1803180.387,1801918.161,1800656.818,1799396.358,1798136.781,1796878.085,1795620.271,1794363.336,1793107.282
Shiga,1343000,1345954.6,1348915.7,1351883.315,1354857.458,1357838.144,1360825.388,1363819.204,1366819.606,1369826.61,1372840.228,1375860.477,1378887.37,1381920.922,1384961.148,1388008.062,1391061.68,1394122.016,1397189.084,1400262.9,1403343.479,1406430.834,1409524.982,1412625.937,1415733.714,1418848.328,1421969.795,1425098.128,1428233.344,1431375.457,1434524.483,1437680.437,1440843.334,1444013.19,1447190.019,1450373.837,1453564.659,1456762.501,1459967.379,1463179.307,1466398.302,1469624.378,1472857.551,1476097.838,1479345.253,1482599.813,1485861.532,1489130.428,1492406.515,1495689.809,1498980.327
Kyoto,2644000,2642942.4,2641885.223,2640828.469,2639772.138,2638716.229,2637660.742,2636605.678,2635551.036,2634496.815,2633443.017,2632389.639,2631336.683,2630284.149,2629232.035,2628180.342,2627129.07,2626078.219,2625027.787,2623977.776,2622928.185,2621879.014,2620830.262,2619781.93,2618734.017,2617686.524,2616639.449,2615592.793,2614546.556,2613500.738,2612455.337,2611410.355,2610365.791,2609321.645,2608277.916,2607234.605,2606191.711,2605149.234,2604107.175,2603065.532,2602024.306,2600983.496,2599943.102,2598903.125,2597863.564,2596824.418,2595785.689,2594747.374,2593709.475,2592671.992,2591634.923
Osaka,8805000,8809402.5,8813807.201,8818214.105,8822623.212,8827034.524,8831448.041,8835863.765,8840281.697,8844701.838,8849124.188,8853548.751,8857975.525,8862404.513,8866835.715,8871269.133,8875704.767,8880142.62,8884582.691,8889024.982,8893469.495,8897916.23,8902365.188,8906816.37,8911269.779,8915725.413,8920183.276,8924643.368,8929105.689,8933570.242,8938037.027,8942506.046,8946977.299,8951450.788,8955926.513,8960404.476,8964884.678,8969367.121,8973851.804,8978338.73,8982827.9,8987319.314,8991812.973,8996308.88,9000807.034,9005307.438,9009810.091,9014314.996,9018822.154,9023331.565,9027843.231
Hyogo,5551000,5550444.9,5549889.856,5549334.867,5548779.933,5548225.055,5547670.233,5547115.466,5546560.754,5546006.098,5545451.497,5544896.952,5544342.462,5543788.028,5543233.649,5542679.326,5542125.058,5541570.846,5541016.689,5540462.587,5539908.541,5539354.55,5538800.614,5538246.734,5537692.91,5537139.14,5536585.426,5536031.768,5535478.165,5534924.617,5534371.124,5533817.687,5533264.305,5532710.979,5532157.708,5531604.492,5531051.332,5530498.227,5529945.177,5529392.182,5528839.243,5528286.359,5527733.53,5527180.757,5526628.039,5526075.376,5525522.769,5524970.216,5524417.719,5523865.278,5523312.891
Nara,1443000,1440979.8,1438962.428,1436947.881,1434936.154,1432927.243,1430921.145,1428917.855,1426917.37,1424919.686,1422924.799,1420932.704,1418943.398,1416956.877,1414973.138,1412992.175,1411013.986,1409038.567,1407065.913,1405096.02,1403128.886,1401164.506,1399202.875,1397243.991,1395287.85,1393334.447,1391383.778,1389435.841,1387490.631,1385548.144,1383608.377,1381671.325,1379736.985,1377805.353,1375876.426,1373950.199,1372026.669,1370105.831,1368187.683,1366272.22,1364359.439,1362449.336,1360541.907,1358637.148,1356735.056,1354835.627,1352938.857,1351044.743,1349153.28,1347264.466,1345378.295
Wakayama,1070000,1066469,1062949.652,1059441.918,1055945.76,1052461.139,1048988.017,1045526.357,1042076.12,1038637.269,1035209.766,1031793.574,1028388.655,1024994.972,1021612.489,1018241.168,1014880.972,1011531.864,1008193.809,1004866.77,1001550.709,998245.5921,994951.3816,991668.0421,988395.5375,985133.8322,981882.8906,978642.6771,975413.1562,972194.2928,968986.0516,965788.3977,962601.296,959424.7117,956258.6101,953102.9567,949957.717,946822.8565,943698.3411,940584.1365,937480.2089,934386.5242,931303.0487,928229.7486,925166.5904,922113.5407,919070.566,916037.6331,913014.709,910001.7604,906998.7546
Tottori,613000,611161,609327.517,607499.5344,605677.0358,603860.0047,602048.4247,600242.2794,598441.5526,596646.228,594856.2893,593071.7204,591292.5052,589518.6277,587750.0718,585986.8216,584228.8612,582476.1746,580728.7461,578986.5598,577249.6001,575517.8513,573791.2978,572069.9239,570353.7141,568642.653,566936.725,565235.9148,563540.2071,561849.5865,560164.0377,558483.5456,556808.095,555137.6707,553472.2577,551811.8409,550156.4054,548505.9362,546860.4183,545219.8371,543584.1776,541953.425,540327.5648,538706.5821,537090.4623,535479.1909,533872.7534,532271.1351,530674.3217,529082.2987,527495.0518
Shimane,762000,759485.4,756979.0982,754481.0672,751991.2796,749509.7084,747036.3264,744571.1065,742114.0218,739665.0456,737224.1509,734791.3112,732366.4999,729949.6904,727540.8565,725139.9716,722747.0097,720361.9446,717984.7502,715615.4005,713253.8697,710900.1319,708554.1615,706215.9328,703885.4202,701562.5983,699247.4417,696939.9252,694640.0234,692347.7113,690062.9639,687785.7561,685516.0631,683253.8601,680999.1224,678751.8253,676511.9442,674279.4548,672054.3326,669836.5533,667626.0927,665422.9266,663227.0309,661038.3817,658856.9551,656682.7271,654515.6741,652355.7724,650202.9983,648057.3284,645918.7393
Okayama,1951000,1949829.4,1948659.502,1947490.307,1946321.812,1945154.019,1943986.927,1942820.535,1941654.842,1940489.85,1939325.556,1938161.96,1936999.063,1935836.864,1934675.362,1933514.556,1932354.448,1931195.035,1930036.318,1928878.296,1927720.969,1926564.337,1925408.398,1924253.153,1923098.601,1921944.742,1920791.575,1919639.1,1918487.317,1917336.224,1916185.823,1915036.111,1913887.089,1912738.757,1911591.114,1910444.159,1909297.893,1908152.314,1907007.423,1905863.218,1904719.7,1903576.868,1902434.722,1901293.261,1900152.485,1899012.394,1897872.987,1896734.263,1895596.222,1894458.864,1893322.189
Hiroshima,2879000,2877272.6,2875546.236,2873820.909,2872096.616,2870373.358,2868651.134,2866929.943,2865209.786,2863490.66,2861772.565,2860055.502,2858339.468,2856624.465,2854910.49,2853197.544,2851485.625,2849774.734,2848064.869,2846356.03,2844648.216,2842941.428,2841235.663,2839530.921,2837827.203,2836124.506,2834422.832,2832722.178,2831022.545,2829323.931,2827626.337,2825929.761,2824234.203,2822539.663,2820846.139,2819153.631,2817462.139,2815771.662,2814082.199,2812393.749,2810706.313,2809019.889,2807334.477,2805650.077,2803966.687,2802284.307,2800602.936,2798922.574,2797243.221,2795564.875,2793887.536
Yamaguchi,1528000,1523721.6,1519455.18,1515200.705,1510958.143,1506727.46,1502508.623,1498301.599,1494106.355,1489922.857,1485751.073,1481590.97,1477442.515,1473305.676,1469180.42,1465066.715,1460964.528,1456873.828,1452794.581,1448726.756,1444670.321,1440625.244,1436591.494,1432569.037,1428557.844,1424557.882,1420569.12,1416591.527,1412625.07,1408669.72,1404725.445,1400792.214,1396869.995,1392958.759,1389058.475,1385169.111,1381290.638,1377423.024,1373566.239,1369720.254,1365885.037,1362060.559,1358246.79,1354443.699,1350651.256,1346869.433,1343098.198,1339337.523,1335587.378,1331847.734,1328118.56
Tokushima,824000,821528,819063.416,816606.2258,814156.4071,811713.9379,809278.796,806850.9597,804430.4068,802017.1156,799611.0642,797212.231,794820.5943,792436.1325,790058.8241,787688.6477,785325.5817,782969.605,780620.6962,778278.8341,775943.9976,773616.1656,771295.3171,768981.4311,766674.4868,764374.4634,762081.34,759795.096,757515.7107,755243.1635,752977.4341,750718.5018,748466.3463,746220.9472,743982.2844,741750.3375,739525.0865,737306.5112,735094.5917,732889.3079,730690.64,728498.5681,726313.0724,724134.1332,721961.7308,719795.8456,717636.458,715483.5487,713337.098,711197.0867,709063.4955
Kagawa,1023000,1021363.2,1019729.019,1018097.452,1016468.497,1014842.147,1013218.399,1011597.25,1009978.694,1008362.729,1006749.348,1005138.549,1003530.328,1001924.679,1000321.6,998721.085,997123.1312,995527.7342,993934.8899,992344.594,990756.8427,989171.6317,987588.9571,986008.8148,984431.2007,982856.1108,981283.541,979713.4873,978145.9457,976580.9122,975018.3828,973458.3534,971900.82,970345.7787,968793.2254,967243.1563,965695.5672,964150.4543,962607.8136,961067.6411,959529.9329,957994.685,956461.8935,954931.5544,953403.664,951878.2181,950355.2129,948834.6446,947316.5092,945800.8028,944287.5215
Ehime,1493000,1489267.5,1485544.331,1481830.47,1478125.894,1474430.58,1470744.503,1467067.642,1463399.973,1459741.473,1456092.119,1452451.889,1448820.759,1445198.707,1441585.71,1437981.746,1434386.792,1430800.825,1427223.823,1423655.763,1420096.624,1416546.382,1413005.016,1409472.504,1405948.822,1402433.95,1398927.866,1395430.546,1391941.969,1388462.115,1384990.959,1381528.482,1378074.661,1374629.474,1371192.9,1367764.918,1364345.506,1360934.642,1357532.305,1354138.475,1350753.128,1347376.246,1344007.805,1340647.786,1337296.166,1333952.926,1330618.043,1327291.498,1323973.269,1320663.336,1317361.678
Kochi,814000,810744,807501.024,804271.0199,801053.9358,797849.7201,794658.3212,791479.6879,788313.7692,785160.5141,782019.872,778891.7925,775776.2254,772673.1205,769582.428,766504.0983,763438.0819,760384.3296,757342.7922,754313.4211,751296.1674,748290.9827,745297.8188,742316.6275,739347.361,736389.9716,733444.4117,730510.634,727588.5915,724678.2371,721779.5242,718892.4061,716016.8365,713152.7691,710300.158,707458.9574,704629.1216,701810.6051,699003.3627,696207.3492,693422.5198,690648.8297,687886.2344,685134.6895,682394.1507,679664.5741,676945.9158,674238.1322,671541.1796,668855.0149,666179.5949
Fukuoka,5016000,5018006.4,5020013.603,5022021.608,5024030.417,5026040.029,5028050.445,5030061.665,5032073.69,5034086.519,5036100.154,5038114.594,5040129.84,5042145.892,5044162.75,5046180.415,5048198.887,5050218.167,5052238.254,5054259.149,5056280.853,5058303.365,5060326.687,5062350.817,5064375.758,5066401.508,5068428.069,5070455.44,5072483.622,5074512.615,5076542.42,5078573.037,5080604.467,5082636.708,5084669.763,5086703.631,5088738.312,5090773.808,5092810.117,5094847.241,5096885.18,5098923.934,5100963.504,5103003.889,5105045.091,5107087.109,5109129.944,5111173.596,5113218.065,5115263.352,5117309.458
Saga,877000,875333.7,873670.566,872010.5919,870353.7718,868700.0996,867049.5694,865402.1752,863757.9111,862116.7711,860478.7492,858843.8396,857212.0363,855583.3334,853957.7251,852335.2054,850715.7685,849099.4086,847486.1197,845875.8961,844268.7318,842664.6213,841063.5585,839465.5377,837870.5532,836278.5991,834689.6698,833103.7594,831520.8623,829940.9727,828364.0848,826790.193,825219.2917,823651.375,822086.4374,820524.4732,818965.4767,817409.4423,815856.3643,814306.2372,812759.0554,811214.8132,809673.505,808135.1254,806599.6686,805067.1293,803537.5017,802010.7805,800486.96,798966.0348,797447.9993
Nagasaki,1517000,1511690.5,1506399.583,1501127.185,1495873.24,1490637.683,1485420.451,1480221.48,1475040.705,1469878.062,1464733.489,1459606.922,1454498.297,1449407.553,1444334.627,1439279.456,1434241.978,1429222.131,1424219.853,1419235.084,1414267.761,1409317.824,1404385.211,1399469.863,1394571.719,1389690.718,1384826.8,1379979.906,1375149.977,1370336.952,1365540.772,1360761.38,1355998.715,1351252.719,1346523.335,1341810.503,1337114.166,1332434.267,1327770.747,1323123.549,1318492.617,1313877.893,1309279.32,1304696.843,1300130.404,1295579.947,1291045.417,1286526.758,1282023.915,1277536.831,1273065.452
Kumamoto,1859000,1856583.3,1854169.742,1851759.321,1849352.034,1846947.876,1844546.844,1842148.933,1839754.14,1837362.459,1834973.888,1832588.422,1830206.057,1827826.789,1825450.614,1823077.528,1820707.528,1818340.608,1815976.765,1813615.995,1811258.295,1808903.659,1806552.084,1804203.566,1801858.102,1799515.686,1797176.316,1794839.986,1792506.695,1790176.436,1787849.206,1785525.002,1783203.82,1780885.655,1778570.504,1776258.362,1773949.226,1771643.092,1769339.956,1767039.814,1764742.662,1762448.497,1760157.314,1757869.109,1755583.88,1753301.621,1751022.328,1748745.999,1746472.63,1744202.215,1741934.752
Oita,1221000,1219656.9,1218315.277,1216975.131,1215636.458,1214299.258,1212963.529,1211629.269,1210296.477,1208965.15,1207635.289,1206306.89,1204979.952,1203654.474,1202330.455,1201007.891,1199686.782,1198367.127,1197048.923,1195732.169,1194416.864,1193103.005,1191790.592,1190479.622,1189170.095,1187862.008,1186555.359,1185250.149,1183946.373,1182644.032,1181343.124,1180043.647,1178745.599,1177448.978,1176153.784,1174860.015,1173567.669,1172276.745,1170987.24,1169699.154,1168412.485,1167127.232,1165843.392,1164560.964,1163279.947,1162000.339,1160722.139,1159445.344,1158169.954,1156895.967,1155623.382
Miyazaki,1170000,1168245,1166492.633,1164742.894,1162995.779,1161251.286,1159509.409,1157770.145,1156033.489,1154299.439,1152567.99,1150839.138,1149112.879,1147389.21,1145668.126,1143949.624,1142233.699,1140520.349,1138809.568,1137101.354,1135395.702,1133692.608,1131992.07,1130294.081,1128598.64,1126905.742,1125215.384,1123527.561,1121842.269,1120159.506,1118479.267,1116801.548,1115126.345,1113453.656,1111783.475,1110115.8,1108450.627,1106787.951,1105127.769,1103470.077,1101814.872,1100162.15,1098511.906,1096864.138,1095218.842,1093576.014,1091935.65,1090297.747,1088662.3,1087029.306,1085398.762
Kagoshima,1786000,1781177.8,1776368.62,1771572.425,1766789.179,1762018.848,1757261.397,1752516.792,1747784.996,1743065.977,1738359.699,1733666.128,1728985.229,1724316.969,1719661.313,1715018.227,1710387.678,1705769.632,1701164.054,1696570.911,1691990.169,1687421.796,1682865.757,1678322.019,1673790.55,1669271.315,1664764.283,1660269.419,1655786.692,1651316.068,1646857.514,1642410.999,1637976.489,1633553.953,1629143.357,1624744.67,1620357.86,1615982.893,1611619.739,1607268.366,1602928.742,1598600.834,1594284.612,1589980.043,1585687.097,1581405.742,1577135.946,1572877.679,1568630.91,1564395.606,1560171.738
Okinawa,1318000,1321031.4,1324069.772,1327115.133,1330167.498,1333226.883,1336293.305,1339366.779,1342447.323,1345534.952,1348629.682,1351731.53,1354840.513,1357956.646,1361079.946,1364210.43,1367348.114,1370493.015,1373645.149,1376804.533,1379971.183,1383145.117,1386326.35,1389514.901,1392710.785,1395914.02,1399124.622,1402342.609,1405567.997,1408800.803,1412041.045,1415288.74,1418543.904,1421806.555,1425076.71,1428354.386,1431639.601,1434932.372,1438232.717,1441540.652,1444856.196,1448179.365,1451510.177,1454848.651,1458194.803,1461548.651,1464910.213,1468279.506,1471656.549,1475041.359,1478433.954
